Feature,Importance
OverallQual,0.6826627453089537
GrLivArea,0.1996977435386236
GarageArea,0.06561384651662965
YearBuilt,0.0520256646357931
